product_id,product_name,category,stock_level,reorder_point,unit_cost
1000,Product_1000,Home,459,111,101.82
1001,Product_1001,Sports,491,133,133.04
1002,Product_1002,Food,355,111,31.14
1003,Product_1003,Sports,495,56,70.08
1004,Product_1004,Sports,323,124,181.48
1005,Product_1005,Clothing,132,133,222.02
1006,Product_1006,Food,375,129,299.51
1007,Product_1007,Food,292,53,280.27
1008,Product_1008,Food,327,55,194.56
1009,Product_1009,Sports,126,107,129.27
1010,Product_1010,Home,105,71,192.67
1011,Product_1011,Food,496,75,236.77
1012,Product_1012,Sports,91,52,39.91
1013,Product_1013,Clothing,286,90,125.92
1014,Product_1014,Home,377,109,252.74
1015,Product_1015,Clothing,392,63,118.23
1016,Product_1016,Home,50,124,173.7
1017,Product_1017,Sports,28,131,178.39
1018,Product_1018,Electronics,461,61,59.42
1019,Product_1019,Home,295,136,111.86
1020,Product_1020,Clothing,296,61,103.68
1021,Product_1021,Sports,213,62,12.73
1022,Product_1022,Home,266,74,12.14
1023,Product_1023,Electronics,406,94,250.35
1024,Product_1024,Electronics,256,68,85.56
1025,Product_1025,Food,301,104,157.83
1026,Product_1026,Food,100,149,93.12
1027,Product_1027,Clothing,404,94,282.5
1028,Product_1028,Home,345,57,81.49
1029,Product_1029,Home,109,142,131.75
1030,Product_1030,Food,419,102,262.46
1031,Product_1031,Home,181,104,253.37
1032,Product_1032,Home,470,81,59.9
1033,Product_1033,Electronics,312,100,241.78
1034,Product_1034,Food,0,93,140.17
1035,Product_1035,Sports,318,131,147.48
1036,Product_1036,Food,437,119,44.38
1037,Product_1037,Sports,54,67,28.78
1038,Product_1038,Electronics,370,132,219.74
1039,Product_1039,Clothing,423,71,151.46
1040,Product_1040,Home,398,86,133.87
1041,Product_1041,Electronics,148,145,220.2
1042,Product_1042,Home,430,105,230.83
1043,Product_1043,Clothing,456,108,51.88
1044,Product_1044,Clothing,308,52,185.02
1045,Product_1045,Electronics,136,77,44.93
1046,Product_1046,Clothing,201,123,226.66
1047,Product_1047,Sports,435,84,198.8
1048,Product_1048,Clothing,312,110,287.2
1049,Product_1049,Home,116,142,25.34
1050,Product_1050,Home,153,103,21.83
1051,Product_1051,Home,424,112,88.25
1052,Product_1052,Home,290,128,82.2
1053,Product_1053,Sports,62,146,77.86
1054,Product_1054,Food,243,56,272.35
1055,Product_1055,Electronics,24,125,78.62
1056,Product_1056,Home,89,98,85.23
1057,Product_1057,Clothing,74,143,229.02
1058,Product_1058,Home,293,134,137.67
1059,Product_1059,Clothing,385,80,234.13
1060,Product_1060,Clothing,390,107,24.28
1061,Product_1061,Home,209,110,148.83
1062,Product_1062,Sports,474,73,14.92
1063,Product_1063,Clothing,417,69,23.48
1064,Product_1064,Clothing,346,86,272.4
1065,Product_1065,Home,16,53,46.08
1066,Product_1066,Clothing,127,141,162.06
1067,Product_1067,Clothing,426,69,126.27
1068,Product_1068,Home,442,109,107.47
1069,Product_1069,Home,363,73,270.45
1070,Product_1070,Electronics,250,99,11.44
1071,Product_1071,Sports,178,98,200.82
1072,Product_1072,Sports,181,100,289.2
1073,Product_1073,Clothing,151,145,170.25
1074,Product_1074,Sports,24,85,281.36
1075,Product_1075,Clothing,454,147,20.42
1076,Product_1076,Electronics,179,149,128.54
1077,Product_1077,Home,197,115,81.75
1078,Product_1078,Home,343,128,220.59
1079,Product_1079,Home,160,83,294.48
1080,Product_1080,Sports,176,85,80.68
1081,Product_1081,Electronics,284,55,197.98
1082,Product_1082,Sports,62,88,63.44
1083,Product_1083,Sports,490,91,171.77
1084,Product_1084,Electronics,149,107,141.86
1085,Product_1085,Electronics,153,61,291.74
1086,Product_1086,Electronics,155,52,184.52
1087,Product_1087,Electronics,369,67,108.1
1088,Product_1088,Home,468,89,38.66
1089,Product_1089,Food,48,70,49.62
1090,Product_1090,Food,454,64,71.47
1091,Product_1091,Electronics,336,146,79.04
1092,Product_1092,Food,83,148,255.93
1093,Product_1093,Food,360,75,170.56
1094,Product_1094,Electronics,176,57,159.4
1095,Product_1095,Food,147,149,38.86
1096,Product_1096,Sports,117,143,258.74
1097,Product_1097,Clothing,341,136,218.23
1098,Product_1098,Clothing,475,91,24.96
1099,Product_1099,Electronics,62,93,213.81
1100,Product_1100,Home,188,63,165.34
1101,Product_1101,Electronics,359,127,29.11
1102,Product_1102,Home,48,51,140.2
1103,Product_1103,Clothing,326,86,147.99
1104,Product_1104,Electronics,256,118,53.9
1105,Product_1105,Sports,223,87,283.98
1106,Product_1106,Food,140,90,255.74
1107,Product_1107,Home,477,111,202.36
1108,Product_1108,Food,214,109,141.38
1109,Product_1109,Food,434,63,126.47
1110,Product_1110,Electronics,378,138,197.04
1111,Product_1111,Food,439,133,165.9
1112,Product_1112,Sports,210,51,23.37
1113,Product_1113,Food,317,119,156.19
1114,Product_1114,Electronics,31,66,242.89
1115,Product_1115,Sports,157,138,140.48
1116,Product_1116,Clothing,284,77,20.33
1117,Product_1117,Food,304,115,236.95
1118,Product_1118,Electronics,428,84,64.4
1119,Product_1119,Clothing,476,54,81.29
1120,Product_1120,Clothing,285,114,53.59
1121,Product_1121,Home,143,89,102.41
1122,Product_1122,Sports,423,125,228.24
1123,Product_1123,Food,18,105,158.22
1124,Product_1124,Electronics,17,85,65.44
1125,Product_1125,Home,256,94,263.96
1126,Product_1126,Sports,77,72,264.48
1127,Product_1127,Home,370,96,261.82
1128,Product_1128,Sports,174,80,75.44
1129,Product_1129,Sports,497,60,138.12
1130,Product_1130,Food,193,59,295.57
1131,Product_1131,Sports,475,116,232.74
1132,Product_1132,Home,112,63,13.01
1133,Product_1133,Sports,113,129,24.24
1134,Product_1134,Food,221,123,141.86
1135,Product_1135,Food,165,142,273.22
1136,Product_1136,Home,434,59,163.92
1137,Product_1137,Clothing,318,125,151.85
1138,Product_1138,Clothing,131,143,36.11
1139,Product_1139,Sports,384,50,198.75
1140,Product_1140,Electronics,263,54,247.52
1141,Product_1141,Sports,412,69,117.22
1142,Product_1142,Home,54,57,233.81
1143,Product_1143,Home,358,92,289.52
1144,Product_1144,Home,130,125,65.11
1145,Product_1145,Home,287,50,159.38
1146,Product_1146,Home,265,106,89.71
1147,Product_1147,Food,457,113,238.89
1148,Product_1148,Clothing,466,133,175.39
1149,Product_1149,Home,365,77,192.2
1150,Product_1150,Electronics,161,86,240.38
1151,Product_1151,Electronics,379,96,121.81
1152,Product_1152,Electronics,480,125,274.95
1153,Product_1153,Electronics,86,86,162.24
1154,Product_1154,Food,54,98,51.6
1155,Product_1155,Electronics,475,93,210.29
1156,Product_1156,Home,287,105,239.01
1157,Product_1157,Sports,177,77,98.44
1158,Product_1158,Electronics,390,128,257.87
1159,Product_1159,Food,348,55,272.31
1160,Product_1160,Food,7,110,86.69
1161,Product_1161,Electronics,320,69,295.14
1162,Product_1162,Sports,312,127,46.51
1163,Product_1163,Electronics,246,51,64.59
1164,Product_1164,Food,322,122,59.35
1165,Product_1165,Clothing,471,86,268.73
1166,Product_1166,Home,470,69,198.02
1167,Product_1167,Food,442,75,49.87
1168,Product_1168,Electronics,254,78,134.9
1169,Product_1169,Home,327,50,186.51
1170,Product_1170,Electronics,53,84,29.62
1171,Product_1171,Electronics,248,119,265.31
1172,Product_1172,Clothing,238,108,242.06
1173,Product_1173,Home,228,118,154.04
1174,Product_1174,Home,66,82,290.3
1175,Product_1175,Clothing,50,100,128.24
1176,Product_1176,Food,96,127,295.31
1177,Product_1177,Electronics,91,61,202.04
1178,Product_1178,Sports,494,69,192.23
1179,Product_1179,Electronics,263,102,53.96
1180,Product_1180,Electronics,417,137,265.17
1181,Product_1181,Food,290,92,131.11
1182,Product_1182,Electronics,95,147,52.86
1183,Product_1183,Clothing,87,138,8.72
1184,Product_1184,Clothing,77,99,170.13
1185,Product_1185,Home,287,78,160.58
1186,Product_1186,Sports,119,106,217.21
1187,Product_1187,Electronics,301,88,267.63
1188,Product_1188,Electronics,490,144,28.42
1189,Product_1189,Food,399,105,220.79
1190,Product_1190,Clothing,451,92,60.29
1191,Product_1191,Sports,499,99,258.16
1192,Product_1192,Home,164,72,246.62
1193,Product_1193,Clothing,181,93,164.53
1194,Product_1194,Home,468,87,214.52
1195,Product_1195,Food,397,133,97.73
1196,Product_1196,Food,222,72,143.99
1197,Product_1197,Electronics,310,94,247.38
1198,Product_1198,Sports,431,101,140.48
1199,Product_1199,Home,465,129,110.55
1200,Product_1200,Clothing,6,99,150.79
1201,Product_1201,Food,329,57,249.33
1202,Product_1202,Electronics,262,134,103.89
1203,Product_1203,Electronics,160,50,56.26
1204,Product_1204,Home,150,57,215.04
1205,Product_1205,Food,84,78,248.66
1206,Product_1206,Sports,146,145,34.69
1207,Product_1207,Food,111,54,75.76
1208,Product_1208,Home,380,135,46.88
1209,Product_1209,Home,402,96,107.64
1210,Product_1210,Food,35,83,137.85
1211,Product_1211,Home,284,114,225.9
1212,Product_1212,Food,187,104,197.09
1213,Product_1213,Clothing,81,139,188.17
1214,Product_1214,Food,1,92,108.95
1215,Product_1215,Food,384,123,253.23
1216,Product_1216,Home,302,79,144.03
1217,Product_1217,Home,196,131,293.84
1218,Product_1218,Electronics,403,66,192.07
1219,Product_1219,Electronics,10,75,42.25
1220,Product_1220,Clothing,233,57,204.47
1221,Product_1221,Electronics,385,96,100.91
1222,Product_1222,Food,194,125,207.47
1223,Product_1223,Home,470,140,25.54
1224,Product_1224,Electronics,118,121,56.59
1225,Product_1225,Electronics,395,138,257.44
1226,Product_1226,Clothing,19,95,72.02
1227,Product_1227,Clothing,260,117,251.93
1228,Product_1228,Food,292,82,87.39
1229,Product_1229,Home,421,50,194.65
1230,Product_1230,Clothing,255,68,209.77
1231,Product_1231,Electronics,221,80,156.23
1232,Product_1232,Home,392,129,95.07
1233,Product_1233,Home,225,63,67.73
1234,Product_1234,Electronics,52,102,14.79
1235,Product_1235,Clothing,427,97,94.66
1236,Product_1236,Electronics,354,118,197.68
1237,Product_1237,Home,499,139,281.8
1238,Product_1238,Sports,341,111,262.01
1239,Product_1239,Sports,363,141,230.99
1240,Product_1240,Food,279,115,237.59
1241,Product_1241,Electronics,80,113,201.17
1242,Product_1242,Electronics,201,119,81.78
1243,Product_1243,Food,157,112,272.62
1244,Product_1244,Food,119,122,202.87
1245,Product_1245,Food,58,82,170.33
1246,Product_1246,Home,493,90,37.74
1247,Product_1247,Electronics,214,138,136.88
1248,Product_1248,Home,127,97,140.81
1249,Product_1249,Food,223,62,260.05
1250,Product_1250,Electronics,208,122,166.26
1251,Product_1251,Home,369,126,117.22
1252,Product_1252,Home,114,80,293.16
1253,Product_1253,Food,208,124,37.66
1254,Product_1254,Electronics,13,117,129.65
1255,Product_1255,Food,8,147,17.4
1256,Product_1256,Electronics,39,53,223.27
1257,Product_1257,Sports,449,68,275.83
1258,Product_1258,Clothing,236,119,87.61
1259,Product_1259,Clothing,280,147,258.21
1260,Product_1260,Clothing,358,131,91.2
1261,Product_1261,Food,200,62,273.68
1262,Product_1262,Sports,245,72,227.42
1263,Product_1263,Electronics,277,132,242.45
1264,Product_1264,Home,234,124,10.31
1265,Product_1265,Electronics,493,50,289.03
1266,Product_1266,Home,3,137,219.37
1267,Product_1267,Electronics,153,103,94.9
1268,Product_1268,Sports,441,120,249.67
1269,Product_1269,Home,28,138,88.05
1270,Product_1270,Food,108,134,262.46
1271,Product_1271,Electronics,97,64,38.21
1272,Product_1272,Electronics,214,114,212.59
1273,Product_1273,Home,292,125,164.51
1274,Product_1274,Food,74,120,33.48
1275,Product_1275,Food,325,64,76.36
1276,Product_1276,Sports,145,70,8.66
1277,Product_1277,Food,127,68,143.29
1278,Product_1278,Food,340,109,93.87
1279,Product_1279,Food,41,142,181.52
1280,Product_1280,Clothing,355,138,92.69
1281,Product_1281,Sports,40,82,93.48
1282,Product_1282,Electronics,421,98,224.24
1283,Product_1283,Home,33,145,19.2
1284,Product_1284,Electronics,16,84,271.35
1285,Product_1285,Sports,164,93,256.42
1286,Product_1286,Home,152,139,202.0
1287,Product_1287,Sports,485,60,180.0
1288,Product_1288,Food,377,148,268.23
1289,Product_1289,Home,75,121,59.67
1290,Product_1290,Food,86,127,28.3
1291,Product_1291,Electronics,116,123,75.66
1292,Product_1292,Electronics,361,115,239.4
1293,Product_1293,Home,341,95,15.23
1294,Product_1294,Home,468,58,176.93
1295,Product_1295,Sports,26,52,298.65
1296,Product_1296,Sports,312,134,257.43
1297,Product_1297,Food,286,75,158.83
1298,Product_1298,Home,133,121,23.77
1299,Product_1299,Electronics,218,97,250.26
1300,Product_1300,Sports,167,115,181.7
1301,Product_1301,Sports,97,119,38.91
1302,Product_1302,Electronics,267,77,32.69
1303,Product_1303,Sports,236,142,273.34
1304,Product_1304,Food,308,75,202.41
1305,Product_1305,Home,454,74,249.64
1306,Product_1306,Electronics,393,61,264.3
1307,Product_1307,Home,172,54,173.67
1308,Product_1308,Sports,400,147,157.65
1309,Product_1309,Sports,409,97,131.98
1310,Product_1310,Electronics,468,86,98.5
1311,Product_1311,Food,475,128,133.21
1312,Product_1312,Clothing,189,93,233.29
1313,Product_1313,Electronics,121,149,182.57
1314,Product_1314,Clothing,45,64,268.29
1315,Product_1315,Clothing,63,92,135.8
1316,Product_1316,Food,129,97,184.09
1317,Product_1317,Clothing,309,136,191.24
1318,Product_1318,Clothing,362,119,179.55
1319,Product_1319,Food,192,95,212.28
1320,Product_1320,Clothing,306,92,75.04
1321,Product_1321,Clothing,180,70,156.15
1322,Product_1322,Clothing,291,72,35.75
1323,Product_1323,Electronics,370,129,118.43
1324,Product_1324,Electronics,281,96,148.86
1325,Product_1325,Electronics,28,64,197.41
1326,Product_1326,Food,148,74,285.41
1327,Product_1327,Sports,266,85,182.19
1328,Product_1328,Clothing,295,124,224.36
1329,Product_1329,Clothing,10,100,154.35
1330,Product_1330,Food,163,64,192.06
1331,Product_1331,Clothing,112,117,25.93
1332,Product_1332,Electronics,186,70,80.05
1333,Product_1333,Sports,294,62,111.75
1334,Product_1334,Home,231,135,144.39
1335,Product_1335,Clothing,226,68,18.47
1336,Product_1336,Electronics,309,83,46.31
1337,Product_1337,Home,97,127,86.66
1338,Product_1338,Sports,54,117,291.6
1339,Product_1339,Home,110,101,102.75
1340,Product_1340,Electronics,151,76,147.2
1341,Product_1341,Home,245,78,62.85
1342,Product_1342,Food,405,77,185.18
1343,Product_1343,Home,68,84,87.8
1344,Product_1344,Clothing,311,57,66.06
1345,Product_1345,Clothing,288,65,157.39
1346,Product_1346,Food,249,85,6.62
1347,Product_1347,Electronics,35,79,7.26
1348,Product_1348,Clothing,238,67,69.63
1349,Product_1349,Sports,147,51,15.83
1350,Product_1350,Clothing,466,98,36.87
1351,Product_1351,Clothing,226,126,104.96
1352,Product_1352,Electronics,243,53,241.76
1353,Product_1353,Home,490,139,173.75
1354,Product_1354,Clothing,336,138,156.24
1355,Product_1355,Food,445,143,91.58
1356,Product_1356,Home,364,124,279.87
1357,Product_1357,Sports,490,56,122.12
1358,Product_1358,Electronics,481,144,30.69
1359,Product_1359,Sports,200,123,187.03
1360,Product_1360,Home,153,88,38.58
1361,Product_1361,Home,449,62,106.84
1362,Product_1362,Home,72,80,154.69
1363,Product_1363,Sports,200,120,262.9
1364,Product_1364,Home,295,112,150.6
1365,Product_1365,Sports,16,105,212.17
1366,Product_1366,Home,128,91,297.88
1367,Product_1367,Food,216,110,43.79
1368,Product_1368,Home,60,91,86.05
1369,Product_1369,Sports,426,105,121.4
1370,Product_1370,Clothing,103,85,129.44
1371,Product_1371,Home,41,133,126.25
1372,Product_1372,Clothing,24,117,272.75
1373,Product_1373,Food,38,56,215.64
1374,Product_1374,Electronics,290,103,184.33
1375,Product_1375,Food,130,50,96.26
1376,Product_1376,Home,497,93,248.02
1377,Product_1377,Clothing,228,94,286.74
1378,Product_1378,Clothing,107,96,247.25
1379,Product_1379,Sports,171,62,5.46
1380,Product_1380,Clothing,434,71,192.74
1381,Product_1381,Sports,477,70,20.08
1382,Product_1382,Electronics,101,135,80.99
1383,Product_1383,Home,353,141,22.56
1384,Product_1384,Sports,11,58,183.12
1385,Product_1385,Electronics,274,75,207.54
1386,Product_1386,Clothing,100,58,38.77
1387,Product_1387,Clothing,43,64,118.23
1388,Product_1388,Electronics,442,59,139.59
1389,Product_1389,Clothing,304,137,113.87
1390,Product_1390,Electronics,444,91,40.7
1391,Product_1391,Sports,16,121,128.59
1392,Product_1392,Sports,329,73,226.6
1393,Product_1393,Electronics,56,129,25.95
1394,Product_1394,Sports,310,98,28.65
1395,Product_1395,Sports,496,75,109.66
1396,Product_1396,Sports,302,140,282.81
1397,Product_1397,Food,11,86,202.23
1398,Product_1398,Home,317,117,205.21
1399,Product_1399,Clothing,79,99,111.77
1400,Product_1400,Food,215,73,180.13
1401,Product_1401,Sports,338,68,7.99
1402,Product_1402,Electronics,263,149,192.65
1403,Product_1403,Sports,478,109,274.42
1404,Product_1404,Home,148,88,185.71
1405,Product_1405,Sports,80,123,262.74
1406,Product_1406,Electronics,214,138,218.57
1407,Product_1407,Home,484,67,40.56
1408,Product_1408,Sports,373,68,271.22
1409,Product_1409,Home,463,85,24.6
1410,Product_1410,Clothing,197,123,162.52
1411,Product_1411,Clothing,199,146,46.93
1412,Product_1412,Sports,24,104,8.45
1413,Product_1413,Home,465,118,129.5
1414,Product_1414,Electronics,88,96,92.04
1415,Product_1415,Sports,267,98,148.37
1416,Product_1416,Clothing,142,148,175.27
1417,Product_1417,Clothing,58,147,17.9
1418,Product_1418,Sports,409,82,41.29
1419,Product_1419,Home,488,70,169.8
1420,Product_1420,Clothing,364,130,106.23
1421,Product_1421,Home,25,71,220.11
1422,Product_1422,Clothing,46,97,197.43
1423,Product_1423,Clothing,287,86,254.45
1424,Product_1424,Food,265,64,209.29
1425,Product_1425,Clothing,15,84,131.83
1426,Product_1426,Electronics,198,141,203.53
1427,Product_1427,Sports,400,120,86.24
1428,Product_1428,Sports,406,81,95.36
1429,Product_1429,Home,281,60,237.75
1430,Product_1430,Clothing,468,59,136.69
1431,Product_1431,Electronics,85,122,240.52
1432,Product_1432,Home,249,127,247.61
1433,Product_1433,Food,390,126,257.98
1434,Product_1434,Home,269,106,275.41
1435,Product_1435,Home,334,74,132.14
1436,Product_1436,Clothing,116,51,99.07
1437,Product_1437,Food,6,113,176.75
1438,Product_1438,Home,136,84,114.5
1439,Product_1439,Electronics,370,56,182.32
1440,Product_1440,Electronics,175,134,213.15
1441,Product_1441,Sports,327,67,208.08
1442,Product_1442,Food,497,116,115.49
1443,Product_1443,Food,314,91,54.22
1444,Product_1444,Sports,214,88,132.01
1445,Product_1445,Home,476,90,47.07
1446,Product_1446,Food,81,124,267.58
1447,Product_1447,Electronics,222,73,107.03
1448,Product_1448,Electronics,477,109,50.57
1449,Product_1449,Clothing,371,95,12.51
1450,Product_1450,Food,422,68,195.52
1451,Product_1451,Home,482,117,192.89
1452,Product_1452,Sports,401,139,105.48
1453,Product_1453,Sports,442,91,26.16
1454,Product_1454,Home,489,81,125.84
1455,Product_1455,Clothing,102,88,96.81
1456,Product_1456,Sports,272,85,204.75
1457,Product_1457,Food,13,146,183.7
1458,Product_1458,Clothing,158,85,112.56
1459,Product_1459,Food,151,52,69.28
1460,Product_1460,Electronics,482,122,296.47
1461,Product_1461,Clothing,107,57,138.93
1462,Product_1462,Sports,187,146,208.04
1463,Product_1463,Clothing,300,119,46.46
1464,Product_1464,Clothing,97,90,148.25
1465,Product_1465,Clothing,130,117,13.12
1466,Product_1466,Clothing,292,62,154.11
1467,Product_1467,Food,170,98,289.39
1468,Product_1468,Electronics,423,109,118.34
1469,Product_1469,Home,473,51,16.5
1470,Product_1470,Clothing,182,109,14.13
1471,Product_1471,Sports,470,54,119.46
1472,Product_1472,Clothing,363,93,52.21
1473,Product_1473,Sports,38,76,11.89
1474,Product_1474,Food,14,81,228.08
1475,Product_1475,Sports,375,70,140.26
1476,Product_1476,Home,496,57,90.33
1477,Product_1477,Electronics,3,121,270.52
1478,Product_1478,Sports,348,99,39.26
1479,Product_1479,Sports,469,116,287.0
1480,Product_1480,Electronics,408,93,97.62
1481,Product_1481,Home,396,107,267.08
1482,Product_1482,Clothing,209,52,182.87
1483,Product_1483,Sports,160,135,248.88
1484,Product_1484,Electronics,15,119,295.28
1485,Product_1485,Food,492,51,90.08
1486,Product_1486,Electronics,425,136,288.53
1487,Product_1487,Food,107,93,119.9
1488,Product_1488,Home,381,51,118.73
1489,Product_1489,Clothing,449,130,105.41
1490,Product_1490,Electronics,310,84,164.72
1491,Product_1491,Sports,226,147,50.47
1492,Product_1492,Home,169,136,168.34
1493,Product_1493,Electronics,33,79,164.8
1494,Product_1494,Sports,413,57,229.76
1495,Product_1495,Electronics,250,71,250.93
1496,Product_1496,Food,246,93,134.93
1497,Product_1497,Electronics,268,107,94.19
1498,Product_1498,Electronics,140,85,81.5
1499,Product_1499,Electronics,273,118,62.41
1500,Product_1500,Home,415,126,22.01
1501,Product_1501,Electronics,95,142,106.02
1502,Product_1502,Sports,226,80,84.72
1503,Product_1503,Food,378,96,290.09
1504,Product_1504,Food,38,104,169.52
1505,Product_1505,Electronics,301,129,107.45
1506,Product_1506,Home,499,111,176.24
1507,Product_1507,Home,28,79,46.06
1508,Product_1508,Sports,445,104,135.99
1509,Product_1509,Electronics,496,65,189.74
1510,Product_1510,Food,476,61,149.22
1511,Product_1511,Home,317,66,123.52
1512,Product_1512,Electronics,244,65,298.19
1513,Product_1513,Home,235,61,264.69
1514,Product_1514,Home,184,57,188.9
1515,Product_1515,Food,271,133,172.97
1516,Product_1516,Clothing,439,52,188.09
1517,Product_1517,Sports,235,65,64.39
1518,Product_1518,Sports,238,79,121.57
1519,Product_1519,Food,376,72,16.64
1520,Product_1520,Home,265,141,145.29
1521,Product_1521,Electronics,413,54,165.19
1522,Product_1522,Home,408,133,72.19
1523,Product_1523,Food,358,114,289.39
1524,Product_1524,Sports,339,79,273.29
1525,Product_1525,Home,388,70,218.03
1526,Product_1526,Sports,64,133,162.35
1527,Product_1527,Electronics,477,119,261.64
1528,Product_1528,Sports,176,71,43.54
1529,Product_1529,Sports,2,131,238.2
1530,Product_1530,Clothing,428,121,41.82
1531,Product_1531,Clothing,141,81,239.29
1532,Product_1532,Clothing,375,82,86.35
1533,Product_1533,Sports,157,65,263.74
1534,Product_1534,Food,497,125,283.49
1535,Product_1535,Sports,323,87,48.89
1536,Product_1536,Food,145,147,141.49
1537,Product_1537,Food,445,63,294.39
1538,Product_1538,Clothing,292,85,147.61
1539,Product_1539,Home,152,146,259.75
1540,Product_1540,Electronics,431,72,178.68
1541,Product_1541,Clothing,192,115,115.72
1542,Product_1542,Clothing,436,134,89.31
1543,Product_1543,Home,493,51,64.95
1544,Product_1544,Electronics,462,140,229.73
1545,Product_1545,Sports,72,122,119.03
1546,Product_1546,Sports,398,114,155.83
1547,Product_1547,Clothing,304,124,150.24
1548,Product_1548,Electronics,376,116,175.3
1549,Product_1549,Clothing,343,101,260.35
1550,Product_1550,Food,451,111,294.32
1551,Product_1551,Clothing,139,72,125.24
1552,Product_1552,Clothing,186,75,249.12
1553,Product_1553,Sports,292,117,230.54
1554,Product_1554,Sports,60,131,174.19
1555,Product_1555,Sports,484,104,287.03
1556,Product_1556,Food,426,55,64.14
1557,Product_1557,Sports,379,84,37.23
1558,Product_1558,Electronics,197,71,256.92
1559,Product_1559,Home,294,92,134.55
1560,Product_1560,Electronics,439,64,254.86
1561,Product_1561,Electronics,318,135,268.46
1562,Product_1562,Sports,301,109,23.42
1563,Product_1563,Home,343,61,265.62
1564,Product_1564,Home,10,98,137.25
1565,Product_1565,Home,61,91,155.58
1566,Product_1566,Food,332,87,189.84
1567,Product_1567,Sports,225,131,278.28
1568,Product_1568,Home,152,94,10.64
1569,Product_1569,Food,198,84,145.67
1570,Product_1570,Clothing,51,79,207.88
1571,Product_1571,Clothing,259,137,218.2
1572,Product_1572,Food,58,79,209.3
1573,Product_1573,Food,71,127,44.66
1574,Product_1574,Sports,147,55,93.32
1575,Product_1575,Sports,348,116,110.82
1576,Product_1576,Clothing,62,129,242.31
1577,Product_1577,Home,309,56,87.23
1578,Product_1578,Clothing,372,101,67.16
1579,Product_1579,Home,242,63,287.45
1580,Product_1580,Home,492,122,7.61
1581,Product_1581,Sports,365,64,299.36
1582,Product_1582,Electronics,329,70,204.66
1583,Product_1583,Electronics,106,84,249.4
1584,Product_1584,Food,225,115,91.91
1585,Product_1585,Sports,312,140,9.22
1586,Product_1586,Home,217,51,222.67
1587,Product_1587,Electronics,424,84,251.07
1588,Product_1588,Home,240,131,223.44
1589,Product_1589,Electronics,258,127,47.14
1590,Product_1590,Electronics,375,69,227.26
1591,Product_1591,Electronics,261,131,231.83
1592,Product_1592,Sports,4,59,199.27
1593,Product_1593,Clothing,260,74,231.0
1594,Product_1594,Home,53,115,254.55
1595,Product_1595,Sports,46,74,186.01
1596,Product_1596,Sports,214,103,31.14
1597,Product_1597,Sports,176,82,148.85
1598,Product_1598,Sports,8,85,27.91
1599,Product_1599,Sports,98,144,125.23
1600,Product_1600,Food,19,63,125.1
1601,Product_1601,Home,377,114,24.47
1602,Product_1602,Sports,240,129,107.9
1603,Product_1603,Home,60,103,37.74
1604,Product_1604,Food,378,101,243.43
1605,Product_1605,Food,489,52,284.57
1606,Product_1606,Home,418,148,26.33
1607,Product_1607,Electronics,177,90,286.76
1608,Product_1608,Clothing,337,55,159.16
1609,Product_1609,Electronics,61,74,93.37
1610,Product_1610,Electronics,144,62,27.67
1611,Product_1611,Electronics,215,147,152.68
1612,Product_1612,Sports,2,57,239.38
1613,Product_1613,Food,159,70,213.59
1614,Product_1614,Electronics,226,147,19.82
1615,Product_1615,Food,485,117,26.51
1616,Product_1616,Home,268,74,123.85
1617,Product_1617,Clothing,119,128,92.11
1618,Product_1618,Home,380,117,73.55
1619,Product_1619,Home,494,94,87.9
1620,Product_1620,Sports,88,109,242.03
1621,Product_1621,Clothing,328,61,279.12
1622,Product_1622,Home,67,81,124.51
1623,Product_1623,Home,397,145,272.3
1624,Product_1624,Clothing,356,141,99.84
1625,Product_1625,Clothing,97,62,145.55
1626,Product_1626,Home,266,80,71.68
1627,Product_1627,Clothing,104,127,193.94
1628,Product_1628,Home,439,69,293.8
1629,Product_1629,Home,322,67,183.03
1630,Product_1630,Sports,122,142,110.56
1631,Product_1631,Electronics,475,109,196.11
1632,Product_1632,Home,28,112,41.26
1633,Product_1633,Food,136,55,267.15
1634,Product_1634,Electronics,194,81,153.41
1635,Product_1635,Electronics,408,142,137.56
1636,Product_1636,Electronics,225,92,177.83
1637,Product_1637,Sports,331,51,189.31
1638,Product_1638,Home,169,109,26.17
1639,Product_1639,Sports,8,72,206.37
1640,Product_1640,Home,462,132,76.37
1641,Product_1641,Sports,39,80,215.62
1642,Product_1642,Sports,24,54,247.65
1643,Product_1643,Food,260,132,242.17
1644,Product_1644,Sports,394,83,167.99
1645,Product_1645,Clothing,442,59,158.45
1646,Product_1646,Food,225,138,47.15
1647,Product_1647,Sports,471,51,233.73
1648,Product_1648,Electronics,123,60,85.07
1649,Product_1649,Clothing,462,99,151.53
1650,Product_1650,Clothing,37,80,88.86
1651,Product_1651,Clothing,327,105,44.48
1652,Product_1652,Food,250,128,190.72
1653,Product_1653,Sports,388,122,21.03
1654,Product_1654,Sports,175,136,225.85
1655,Product_1655,Electronics,89,132,98.69
1656,Product_1656,Electronics,401,58,5.04
1657,Product_1657,Clothing,453,148,155.78
1658,Product_1658,Electronics,36,70,18.82
1659,Product_1659,Food,315,122,86.47
1660,Product_1660,Sports,175,77,213.56
1661,Product_1661,Clothing,460,111,23.49
1662,Product_1662,Electronics,283,56,252.6
1663,Product_1663,Food,452,129,6.13
1664,Product_1664,Food,460,65,77.81
1665,Product_1665,Electronics,80,146,223.57
1666,Product_1666,Sports,113,53,98.3
1667,Product_1667,Electronics,39,53,35.06
1668,Product_1668,Clothing,300,89,111.27
1669,Product_1669,Electronics,223,66,84.77
1670,Product_1670,Food,317,101,253.6
1671,Product_1671,Electronics,348,142,97.44
1672,Product_1672,Sports,114,101,237.74
1673,Product_1673,Home,185,85,268.1
1674,Product_1674,Electronics,322,87,132.98
1675,Product_1675,Sports,55,99,273.43
1676,Product_1676,Sports,39,112,116.31
1677,Product_1677,Food,353,112,289.4
1678,Product_1678,Sports,39,111,31.34
1679,Product_1679,Sports,346,148,207.67
1680,Product_1680,Sports,460,56,150.68
1681,Product_1681,Sports,236,76,119.36
1682,Product_1682,Clothing,288,141,191.65
1683,Product_1683,Clothing,261,135,212.64
1684,Product_1684,Food,215,63,6.29
1685,Product_1685,Electronics,146,120,54.25
1686,Product_1686,Sports,335,135,215.35
1687,Product_1687,Electronics,167,54,201.58
1688,Product_1688,Electronics,91,104,289.98
1689,Product_1689,Food,352,51,229.51
1690,Product_1690,Sports,58,111,285.48
1691,Product_1691,Sports,58,140,212.25
1692,Product_1692,Home,303,70,92.93
1693,Product_1693,Electronics,168,128,36.08
1694,Product_1694,Electronics,268,70,235.64
1695,Product_1695,Clothing,362,59,195.02
1696,Product_1696,Home,44,136,19.21
1697,Product_1697,Clothing,344,107,111.21
1698,Product_1698,Clothing,180,88,287.26
1699,Product_1699,Clothing,169,54,152.62
1700,Product_1700,Food,355,114,132.66
1701,Product_1701,Food,190,62,140.02
1702,Product_1702,Clothing,154,134,66.62
1703,Product_1703,Home,421,139,113.77
1704,Product_1704,Electronics,187,134,114.09
1705,Product_1705,Home,6,102,20.44
1706,Product_1706,Sports,132,131,231.43
1707,Product_1707,Food,234,94,127.87
1708,Product_1708,Electronics,44,81,247.54
1709,Product_1709,Electronics,313,85,255.85
1710,Product_1710,Sports,248,130,67.54
1711,Product_1711,Sports,498,148,198.92
1712,Product_1712,Clothing,30,109,144.32
1713,Product_1713,Food,22,60,264.65
1714,Product_1714,Food,425,112,68.64
1715,Product_1715,Home,393,70,204.95
1716,Product_1716,Clothing,159,101,184.29
1717,Product_1717,Clothing,362,104,92.11
1718,Product_1718,Clothing,436,75,45.3
1719,Product_1719,Clothing,157,117,197.23
1720,Product_1720,Food,38,83,222.89
1721,Product_1721,Food,414,101,98.11
1722,Product_1722,Clothing,81,131,195.23
1723,Product_1723,Home,355,148,121.56
1724,Product_1724,Electronics,257,142,215.4
1725,Product_1725,Electronics,205,101,63.77
1726,Product_1726,Home,76,78,267.61
1727,Product_1727,Clothing,476,87,89.79
1728,Product_1728,Food,11,91,113.5
1729,Product_1729,Electronics,294,70,22.14
1730,Product_1730,Sports,449,91,37.9
1731,Product_1731,Sports,223,62,157.18
1732,Product_1732,Home,12,113,83.94
1733,Product_1733,Clothing,45,66,251.47
1734,Product_1734,Electronics,154,58,9.33
1735,Product_1735,Clothing,112,90,116.83
1736,Product_1736,Electronics,232,50,104.52
1737,Product_1737,Home,16,51,10.7
1738,Product_1738,Home,359,109,41.69
1739,Product_1739,Sports,222,97,127.02
1740,Product_1740,Clothing,353,78,150.4
1741,Product_1741,Sports,187,146,124.27
1742,Product_1742,Clothing,447,59,161.63
1743,Product_1743,Sports,343,107,180.56
1744,Product_1744,Food,364,109,7.93
1745,Product_1745,Food,162,70,141.91
1746,Product_1746,Food,495,77,289.23
1747,Product_1747,Food,325,124,158.11
1748,Product_1748,Electronics,466,83,204.87
1749,Product_1749,Food,413,57,97.0
1750,Product_1750,Home,454,108,233.33
1751,Product_1751,Home,73,135,233.01
1752,Product_1752,Electronics,232,121,158.78
1753,Product_1753,Food,223,98,292.92
1754,Product_1754,Food,481,128,42.04
1755,Product_1755,Food,318,66,10.0
1756,Product_1756,Sports,411,109,232.2
1757,Product_1757,Clothing,59,136,243.11
1758,Product_1758,Sports,334,137,40.46
1759,Product_1759,Clothing,221,94,83.35
1760,Product_1760,Food,36,132,10.18
1761,Product_1761,Food,476,118,91.53
1762,Product_1762,Sports,277,81,233.08
1763,Product_1763,Sports,195,93,157.8
1764,Product_1764,Clothing,403,114,107.69
1765,Product_1765,Home,351,136,114.66
1766,Product_1766,Clothing,483,57,5.4
1767,Product_1767,Sports,241,126,93.44
1768,Product_1768,Sports,323,121,195.71
1769,Product_1769,Electronics,218,136,292.39
1770,Product_1770,Sports,191,92,254.88
1771,Product_1771,Electronics,16,50,11.96
1772,Product_1772,Home,11,100,270.08
1773,Product_1773,Clothing,405,73,236.04
1774,Product_1774,Clothing,400,148,235.21
1775,Product_1775,Electronics,393,73,140.11
1776,Product_1776,Clothing,373,66,122.41
1777,Product_1777,Sports,192,54,94.36
1778,Product_1778,Food,21,69,24.38
1779,Product_1779,Electronics,473,70,72.33
1780,Product_1780,Clothing,119,107,77.75
1781,Product_1781,Electronics,209,80,147.8
1782,Product_1782,Electronics,305,149,225.5
1783,Product_1783,Food,269,60,144.77
1784,Product_1784,Sports,191,101,22.06
1785,Product_1785,Electronics,174,64,287.55
1786,Product_1786,Clothing,284,132,283.1
1787,Product_1787,Home,203,56,236.63
1788,Product_1788,Electronics,163,77,297.44
1789,Product_1789,Electronics,250,100,165.62
1790,Product_1790,Food,226,107,289.02
1791,Product_1791,Sports,435,54,27.3
1792,Product_1792,Home,380,54,112.88
1793,Product_1793,Clothing,459,143,71.49
1794,Product_1794,Home,6,145,62.77
1795,Product_1795,Clothing,28,57,46.54
1796,Product_1796,Sports,394,113,188.61
1797,Product_1797,Clothing,32,59,235.49
1798,Product_1798,Food,133,87,175.6
1799,Product_1799,Food,366,145,48.35
1800,Product_1800,Food,78,141,244.28
1801,Product_1801,Food,415,130,192.61
1802,Product_1802,Home,434,144,119.51
1803,Product_1803,Sports,458,57,203.87
1804,Product_1804,Clothing,57,74,81.67
1805,Product_1805,Clothing,470,122,106.83
1806,Product_1806,Food,25,115,275.66
1807,Product_1807,Food,481,128,90.7
1808,Product_1808,Electronics,429,99,143.65
1809,Product_1809,Sports,225,116,267.59
1810,Product_1810,Home,284,98,213.78
1811,Product_1811,Clothing,3,85,23.35
1812,Product_1812,Electronics,464,117,48.45
1813,Product_1813,Electronics,98,127,7.31
1814,Product_1814,Clothing,396,90,191.12
1815,Product_1815,Home,488,138,137.06
1816,Product_1816,Electronics,38,111,44.61
1817,Product_1817,Electronics,270,59,287.59
1818,Product_1818,Sports,374,70,161.25
1819,Product_1819,Home,284,85,76.36
1820,Product_1820,Electronics,156,61,152.68
1821,Product_1821,Home,74,140,205.49
1822,Product_1822,Clothing,371,51,27.49
1823,Product_1823,Food,287,62,86.04
1824,Product_1824,Electronics,129,102,243.05
1825,Product_1825,Sports,174,81,140.6
1826,Product_1826,Clothing,461,144,166.24
1827,Product_1827,Home,83,65,132.68
1828,Product_1828,Clothing,21,81,17.95
1829,Product_1829,Electronics,458,81,53.9
1830,Product_1830,Home,26,147,136.43
1831,Product_1831,Food,194,60,66.71
1832,Product_1832,Clothing,336,59,19.74
1833,Product_1833,Electronics,381,64,253.88
1834,Product_1834,Sports,235,66,294.45
1835,Product_1835,Home,439,89,238.98
1836,Product_1836,Clothing,91,67,256.87
1837,Product_1837,Clothing,476,104,76.38
1838,Product_1838,Food,20,122,288.38
1839,Product_1839,Food,302,74,63.09
1840,Product_1840,Sports,463,108,285.67
1841,Product_1841,Sports,356,127,298.47
1842,Product_1842,Electronics,442,138,214.96
1843,Product_1843,Electronics,83,71,294.44
1844,Product_1844,Sports,261,79,173.01
1845,Product_1845,Sports,146,133,81.56
1846,Product_1846,Home,440,134,133.91
1847,Product_1847,Food,452,93,180.1
1848,Product_1848,Electronics,386,81,26.56
1849,Product_1849,Food,256,100,188.59
1850,Product_1850,Food,57,95,294.45
1851,Product_1851,Sports,379,70,61.08
1852,Product_1852,Home,421,148,238.82
1853,Product_1853,Clothing,14,81,272.83
1854,Product_1854,Home,161,143,283.39
1855,Product_1855,Home,444,88,288.24
1856,Product_1856,Food,162,61,158.83
1857,Product_1857,Home,319,96,293.31
1858,Product_1858,Electronics,496,67,228.41
1859,Product_1859,Food,280,70,52.69
1860,Product_1860,Electronics,279,62,145.69
1861,Product_1861,Clothing,11,70,216.91
1862,Product_1862,Food,273,57,77.97
1863,Product_1863,Clothing,270,95,193.98
1864,Product_1864,Food,491,56,201.65
1865,Product_1865,Sports,207,72,53.0
1866,Product_1866,Home,26,145,171.7
1867,Product_1867,Sports,71,124,232.63
1868,Product_1868,Clothing,59,135,152.17
1869,Product_1869,Home,429,71,8.57
1870,Product_1870,Food,472,138,7.67
1871,Product_1871,Home,144,71,110.32
1872,Product_1872,Electronics,92,141,278.23
1873,Product_1873,Home,308,78,72.46
1874,Product_1874,Electronics,7,62,192.14
1875,Product_1875,Home,78,131,70.51
1876,Product_1876,Electronics,26,51,99.89
1877,Product_1877,Clothing,173,78,255.17
1878,Product_1878,Sports,49,134,220.01
1879,Product_1879,Food,499,128,33.14
1880,Product_1880,Home,198,101,131.47
1881,Product_1881,Sports,386,76,13.61
1882,Product_1882,Food,348,99,146.86
1883,Product_1883,Food,447,144,200.42
1884,Product_1884,Electronics,427,128,39.96
1885,Product_1885,Clothing,180,72,90.22
1886,Product_1886,Clothing,23,137,122.36
1887,Product_1887,Sports,315,93,276.26
1888,Product_1888,Clothing,377,126,298.01
1889,Product_1889,Home,386,71,18.25
1890,Product_1890,Clothing,403,92,229.5
1891,Product_1891,Sports,45,86,114.66
1892,Product_1892,Clothing,14,110,120.78
1893,Product_1893,Home,152,146,227.51
1894,Product_1894,Electronics,221,105,275.94
1895,Product_1895,Sports,205,52,285.52
1896,Product_1896,Electronics,454,112,175.25
1897,Product_1897,Electronics,272,68,110.35
1898,Product_1898,Electronics,381,72,237.33
1899,Product_1899,Food,235,78,79.05
1900,Product_1900,Food,339,79,171.4
1901,Product_1901,Electronics,227,88,110.78
1902,Product_1902,Sports,8,74,198.71
1903,Product_1903,Home,165,57,75.92
1904,Product_1904,Home,431,107,61.52
1905,Product_1905,Clothing,443,65,275.88
1906,Product_1906,Sports,318,121,35.03
1907,Product_1907,Food,213,50,154.26
1908,Product_1908,Electronics,116,54,70.15
1909,Product_1909,Clothing,385,52,16.48
1910,Product_1910,Home,343,114,15.63
1911,Product_1911,Food,71,53,56.69
1912,Product_1912,Food,394,148,260.7
1913,Product_1913,Electronics,63,145,88.33
1914,Product_1914,Home,204,113,285.39
1915,Product_1915,Sports,208,147,176.58
1916,Product_1916,Food,71,138,133.8
1917,Product_1917,Electronics,276,59,176.13
1918,Product_1918,Sports,273,70,157.43
1919,Product_1919,Home,477,95,228.84
1920,Product_1920,Food,319,140,88.34
1921,Product_1921,Sports,337,76,109.15
1922,Product_1922,Sports,365,115,268.76
1923,Product_1923,Sports,494,90,284.2
1924,Product_1924,Food,94,62,268.3
1925,Product_1925,Food,165,58,128.74
1926,Product_1926,Clothing,31,85,235.21
1927,Product_1927,Home,10,135,145.52
1928,Product_1928,Electronics,300,139,151.77
1929,Product_1929,Sports,216,107,65.38
1930,Product_1930,Clothing,288,103,179.38
1931,Product_1931,Electronics,101,61,59.91
1932,Product_1932,Clothing,424,130,102.81
1933,Product_1933,Food,391,127,257.23
1934,Product_1934,Sports,266,63,66.09
1935,Product_1935,Electronics,213,83,25.99
1936,Product_1936,Electronics,178,102,25.36
1937,Product_1937,Electronics,87,69,282.53
1938,Product_1938,Electronics,40,124,154.54
1939,Product_1939,Electronics,400,65,125.78
1940,Product_1940,Clothing,75,144,244.21
1941,Product_1941,Sports,376,119,251.57
1942,Product_1942,Food,45,105,103.0
1943,Product_1943,Food,159,132,209.62
1944,Product_1944,Food,462,107,232.48
1945,Product_1945,Food,79,53,198.12
1946,Product_1946,Clothing,309,53,49.72
1947,Product_1947,Home,85,69,263.39
1948,Product_1948,Sports,91,59,164.03
1949,Product_1949,Electronics,147,73,88.33
1950,Product_1950,Home,160,148,130.44
1951,Product_1951,Food,201,75,16.08
1952,Product_1952,Home,423,86,42.72
1953,Product_1953,Sports,415,134,230.84
1954,Product_1954,Electronics,241,103,5.0
1955,Product_1955,Electronics,352,70,127.89
1956,Product_1956,Sports,1,123,159.14
1957,Product_1957,Sports,224,87,21.12
1958,Product_1958,Food,288,95,292.06
1959,Product_1959,Electronics,232,53,71.71
1960,Product_1960,Home,460,109,94.74
1961,Product_1961,Clothing,413,106,94.66
1962,Product_1962,Clothing,416,94,72.97
1963,Product_1963,Sports,76,69,5.43
1964,Product_1964,Food,115,66,220.16
1965,Product_1965,Clothing,153,120,290.22
1966,Product_1966,Electronics,405,53,71.17
1967,Product_1967,Sports,102,142,200.6
1968,Product_1968,Home,193,63,223.86
1969,Product_1969,Sports,165,52,255.29
1970,Product_1970,Home,358,137,129.68
1971,Product_1971,Sports,89,129,94.36
1972,Product_1972,Sports,173,107,100.96
1973,Product_1973,Sports,121,104,215.22
1974,Product_1974,Home,497,53,245.95
1975,Product_1975,Home,142,73,58.58
1976,Product_1976,Sports,481,83,114.43
1977,Product_1977,Clothing,105,79,271.07
1978,Product_1978,Food,374,131,242.97
1979,Product_1979,Food,427,68,295.53
1980,Product_1980,Food,304,80,227.5
1981,Product_1981,Home,359,109,120.99
1982,Product_1982,Home,458,109,179.24
1983,Product_1983,Clothing,316,68,200.0
1984,Product_1984,Food,450,98,28.14
1985,Product_1985,Food,122,112,165.63
1986,Product_1986,Sports,389,132,214.25
1987,Product_1987,Home,8,71,54.36
1988,Product_1988,Food,261,73,235.29
1989,Product_1989,Clothing,72,125,177.21
1990,Product_1990,Clothing,358,79,285.91
1991,Product_1991,Food,222,107,17.51
1992,Product_1992,Home,415,80,83.27
1993,Product_1993,Clothing,40,149,182.46
1994,Product_1994,Sports,369,113,92.49
1995,Product_1995,Clothing,203,68,215.76
1996,Product_1996,Electronics,263,97,228.91
1997,Product_1997,Electronics,327,94,35.24
1998,Product_1998,Home,177,149,156.59
1999,Product_1999,Food,347,143,155.12
